{
  "session_start": 1748794890.412109,
  "files_processed": 2,
  "total_games": 3593,
  "successful_games": 3593,
  "failed_games": 0,
  "processing_times": {
    "twic0932_twic932.pgn": 109.9416925907135,
    "twic0933_twic933.pgn": 123.21518039703369
  },
  "error_summary": {}
}