{
  "processed_files": [
    "twic1574_twic1574.pgn",
    "twic1575_twic1575.pgn",
    "twic1576_twic1576.pgn",
    "twic1577_twic1577.pgn",
    "twic1578_twic1578.pgn",
    "twic1579_twic1579.pgn",
    "twic1580_twic1580.pgn",
    "twic1581_twic1581.pgn",
    "twic1582_twic1582.pgn"
  ],
  "failed_files": [],
  "current_file": null,
  "start_time": 1748847060.0914376,
  "total_games_loaded": 76115,
  "total_games_failed": 1700,
  "end_time": 1748851532.2538662
}