{
  "session_start": 1748795652.3726501,
  "target_files": 21,
  "files_processed": 21,
  "total_games": 163853,
  "successful_games": 163853,
  "failed_games": 0,
  "processing_times": {
    "twic1574_twic1574.pgn": 626.6322219371796,
    "twic1575_twic1575.pgn": 516.544004201889,
    "twic1576_twic1576.pgn": 446.6678020954132,
    "twic1577_twic1577.pgn": 560.4609484672546,
    "twic1578_twic1578.pgn": 411.34291434288025,
    "twic1579_twic1579.pgn": 478.44242882728577,
    "twic1580_twic1580.pgn": 538.6690158843994,
    "twic1581_twic1581.pgn": 431.94052052497864,
    "twic1582_twic1582.pgn": 475.6876690387726,
    "twic1583_twic1583.pgn": 376.9911596775055,
    "twic1584_twic1584.pgn": 290.3029143810272,
    "twic1585_twic1585.pgn": 368.53644037246704,
    "twic1586_twic1586.pgn": 401.97090435028076,
    "twic1587_twic1587.pgn": 292.65594959259033,
    "twic1588_twic1588.pgn": 358.04085183143616,
    "twic1589_twic1589.pgn": 574.1027359962463,
    "twic1590_twic1590.pgn": 325.08479285240173,
    "twic1591_twic1591.pgn": 396.2941403388977,
    "twic1592_twic1592.pgn": 459.2982347011566,
    "twic1593_twic1593.pgn": 447.78553795814514,
    "twic1594_twic1594.pgn": 379.80892276763916
  },
  "error_summary": {}
}