{
  "files_processed": 4,
  "total_games": 13045,
  "successful_games": 13045,
  "failed_games": 0,
  "processing_times": {
    "twic0920_twic920.pgn": 32.788005352020264,
    "twic0921_twic921.pgn": 24.18332552909851,
    "twic0922_twic922.pgn": 37.286312103271484,
    "twic0923_twic923.pgn": 93.97392320632935
  },
  "error_summary": {}
}