{
  "pgn_files": 673,
  "processed_zips": 673,
  "no_pgn": 0,
  "failed_zips": 0,
  "total_size_bytes": 2691486782,
  "total_size_mb": 2566.8018169403076,
  "extraction_time_seconds": 10.9459867477417,
  "average_file_size_mb": 3.813970010312493
}